candidate_id,rank,score,reasoning
CAND_0046525,1,0.9639,"6.1 yrs experience; most recently as Senior Machine Learning Engineer at Genpact AI (4y 0mo); with JD-relevant skills: Elasticsearch (advanced, 31mo), Sentence Transformers (expert, 74mo), Qdrant (expert, 44mo); assessed at LangChain (96/100), LlamaIndex (96/100). actively open to work; last active ~1mo ago; 88% recruiter response rate; 60-day notice period; based in Pune, Maharashtra."
CAND_0041669,2,0.9532,"8.0 yrs experience; most recently as Recommendation Systems Engineer at CRED (3y 1mo); with JD-relevant skills: FAISS (advanced, 38mo), Milvus (expert, 76mo), QLoRA (advanced, 19mo), Semantic Search (expert, 93mo); assessed at FAISS (84/100), Milvus (76/100). actively open to work; last active ~2mo ago; 77% recruiter response rate; GitHub activity score 71/100; 60-day notice period; based in Noida, Uttar Pradesh."
CAND_0077337,3,0.9511,"7.0 yrs experience; most recently as Staff Machine Learning Engineer at Paytm (1y 7mo); with JD-relevant skills: Semantic Search (advanced, 39mo), QLoRA (expert, 47mo), Pinecone (advanced, 24mo), RAG (expert, 77mo); assessed at Semantic Search (63/100). actively open to work; last active ~1mo ago; 95% recruiter response rate; GitHub activity score 68/100; 60-day notice period; based in Kochi, Kerala."
CAND_0011687,4,0.9449,"7.8 yrs experience; most recently as Senior Machine Learning Engineer at Krutrim (3y 4mo); with JD-relevant skills: OpenSearch (expert, 92mo), FAISS (advanced, 42mo), Embeddings (expert, 56mo), Weaviate (expert, 60mo); assessed at TensorFlow (78/100). actively open to work; last active ~1mo ago; 89% recruiter response rate; GitHub activity score 76/100; 15-day notice period; based in Indore, Madhya Pradesh."
CAND_0002025,5,0.9410,"5.9 yrs experience; most recently as Senior AI Engineer at Apple (3y 6mo); with JD-relevant skills: FAISS (expert, 86mo), OpenSearch (advanced, 50mo), Weaviate (advanced, 37mo), Sentence Transformers (expert, 81mo). actively open to work; last active ~1mo ago; 80% recruiter response rate; GitHub activity score 97/100; 30-day notice period; based in Trivandrum, Kerala."
CAND_0071974,6,0.9332,"7.8 yrs experience; most recently as Staff Machine Learning Engineer at Meta (2y 4mo); with JD-relevant skills: LoRA (advanced, 41mo), Learning to Rank (advanced, 45mo), Weaviate (expert, 61mo), Pinecone (expert, 51mo); assessed at LoRA (87/100), PEFT (86/100). actively open to work; last active ~2mo ago; 76% recruiter response rate; GitHub activity score 83/100; 45-day notice period; based in Vizag, Andhra Pradesh."
CAND_0079387,7,0.9147,"6.9 yrs experience; most recently as AI Engineer at Microsoft (1y 10mo); with JD-relevant skills: Python (expert, 51mo), Sentence Transformers (expert, 72mo), Vector Search (expert, 83mo), OpenSearch (expert, 87mo); assessed at Sentence Transformers (86/100), Recommendation Systems (84/100). actively open to work; last active ~2mo ago; 81% recruiter response rate; GitHub activity score 64/100; 30-day notice period; based in Trivandrum, Kerala."
CAND_0099806,8,0.9134,"4.6 yrs experience; most recently as AI Engineer at Mad Street Den (2y 9mo); with JD-relevant skills: LoRA (expert, 44mo), RAG (advanced, 52mo), FAISS (expert, 58mo), Embeddings (expert, 89mo); assessed at LoRA (69/100). actively open to work; last active ~2mo ago; 76% recruiter response rate; GitHub activity score 87/100; 30-day notice period; based in Bhubaneswar, Odisha."
CAND_0046064,9,0.9107,"8.9 yrs experience; most recently as Senior NLP Engineer at Salesforce (3y 0mo); with JD-relevant skills: Python (expert, 40mo), Pinecone (expert, 85mo), OpenSearch (advanced, 21mo), Elasticsearch (expert, 78mo); assessed at Python (64/100). actively open to work; last active ~2mo ago; 78% recruiter response rate; GitHub activity score 67/100; 30-day notice period; based in Coimbatore, Tamil Nadu."
CAND_0067866,10,0.9050,"6.4 yrs experience; most recently as Senior Software Engineer (ML) at Tech Mahindra (3y 2mo); with JD-relevant skills: Embeddings (advanced, 50mo), Elasticsearch (advanced, 47mo), LoRA (advanced, 55mo), Qdrant (advanced, 21mo). actively open to work; last active ~1mo ago; 79% recruiter response rate; 45-day notice period; based in Noida, Uttar Pradesh."
CAND_0076163,11,0.8972,"6.9 yrs experience; most recently as NLP Engineer at Ola (3y 10mo); with JD-relevant skills: Weaviate (advanced, 18mo), Semantic Search (expert, 82mo), PyTorch (advanced, 38mo), Sentence Transformers (advanced, 28mo); assessed at BM25 (92/100), Weaviate (78/100). actively open to work; last active ~1mo ago; 84% recruiter response rate; GitHub activity score 85/100; 60-day notice period; based in Chandigarh, Chandigarh."
CAND_0073007,12,0.8959,"5.8 yrs experience; most recently as AI Specialist at Aganitha (4y 2mo); with JD-relevant skills: Milvus (intermediate, 20mo), PyTorch (intermediate, 15mo), Embeddings (advanced, 57mo), FAISS (advanced, 28mo); assessed at Statistical Modeling (47/100), Embeddings (46/100). actively open to work; last active ~1mo ago; 83% recruiter response rate; GitHub activity score 66/100; 60-day notice period; based in Bangalore, Karnataka."
CAND_0006418,13,0.8944,"5.7 yrs experience; most recently as AI Engineer at Flipkart (2y 3mo); with JD-relevant skills: Semantic Search (expert, 69mo), Embeddings (expert, 71mo), Weaviate (expert, 93mo), Elasticsearch (advanced, 44mo); assessed at Semantic Search (89/100), Embeddings (89/100). actively open to work; inactive for 3 months; 92% recruiter response rate; GitHub activity score 60/100; 60-day notice period; based in Gurgaon, Haryana."
CAND_0030468,14,0.8910,"5.4 yrs experience; most recently as Senior Applied Scientist at Swiggy (1y 2mo); with JD-relevant skills: Ranking Systems (expert, 72mo), OpenSearch (expert, 95mo), Milvus (expert, 85mo); assessed at Sentence Transformers (97/100), RAG (80/100). actively open to work; last active ~2mo ago; 78% recruiter response rate; GitHub activity score 45/100; 45-day notice period; based in Indore, Madhya Pradesh."
CAND_0064326,15,0.8830,"7.6 yrs experience; most recently as Search Engineer at Sarvam AI (2y 7mo); with JD-relevant skills: PyTorch (expert, 36mo), Milvus (advanced, 58mo), Semantic Search (advanced, 37mo), Weaviate (expert, 51mo); assessed at Milvus (76/100), PyTorch (72/100). actively open to work; last active ~1mo ago; 94% recruiter response rate; GitHub activity score 61/100; 45-day notice period; based in Gurgaon, Haryana."
CAND_0088025,16,0.8829,"8.6 yrs experience; most recently as Staff Machine Learning Engineer at Yellow.ai (3y 9mo); with JD-relevant skills: Pinecone (advanced, 49mo), QLoRA (expert, 83mo), Hugging Face Transformers (expert, 55mo), RAG (expert, 41mo); assessed at Pinecone (94/100), QLoRA (87/100). actively open to work; last active ~1mo ago; 83% recruiter response rate; GitHub activity score 75/100; 90-day notice period; based in Jaipur, Rajasthan."
CAND_0081846,17,0.8828,"6.7 yrs experience; most recently as Senior Machine Learning Engineer at Paytm (4y 4mo); with JD-relevant skills: Learning to Rank (expert, 58mo), Elasticsearch (expert, 60mo), PyTorch (advanced, 27mo), Vector Search (expert, 79mo); assessed at LlamaIndex (68/100), Information Retrieval (65/100). actively open to work; last active ~2mo ago; 73% recruiter response rate; 30-day notice period; based in Jaipur, Rajasthan."
CAND_0098846,18,0.8796,"7.6 yrs experience; most recently as Search Engineer at Google (2y 2mo); with JD-relevant skills: Hugging Face Transformers (expert, 66mo), QLoRA (expert, 66mo), Qdrant (expert, 95mo). actively open to work; last active ~2mo ago; 62% recruiter response rate; GitHub activity score 86/100; 45-day notice period; based in Indore, Madhya Pradesh."
CAND_0014440,19,0.8745,"6.4 yrs experience; most recently as NLP Engineer at upGrad (1y 2mo); with JD-relevant skills: Elasticsearch (advanced, 28mo), Milvus (expert, 79mo), FAISS (expert, 38mo), Qdrant (expert, 49mo); assessed at Elasticsearch (58/100), Diffusion Models (52/100). actively open to work; last active ~1mo ago; 64% recruiter response rate; GitHub activity score 90/100; 60-day notice period; based in Chennai, Tamil Nadu."
CAND_0065195,20,0.8736,"5.1 yrs experience; most recently as Senior Data Scientist at Google (1y 1mo); with JD-relevant skills: QLoRA (expert, 93mo), Elasticsearch (expert, 89mo), Hugging Face Transformers (advanced, 29mo), Qdrant (expert, 94mo); assessed at LLMs (61/100). actively open to work; last active ~1mo ago; 80% recruiter response rate; GitHub activity score 87/100; 45-day notice period; based in Kolkata, West Bengal."
CAND_0050454,21,0.8602,"6.8 yrs experience; most recently as Machine Learning Engineer at Adobe (2y 7mo); with JD-relevant skills: PyTorch (expert, 56mo), QLoRA (expert, 87mo), Fine-tuning LLMs (expert, 74mo), FAISS (expert, 62mo); assessed at PyTorch (59/100). actively open to work; last active ~2mo ago; 77% recruiter response rate; 30-day notice period; based in Delhi, Delhi."
CAND_0052682,22,0.8587,"6.6 yrs experience; most recently as NLP Engineer at Aganitha (3y 10mo); with JD-relevant skills: QLoRA (expert, 76mo), Semantic Search (expert, 89mo), FAISS (expert, 76mo), PyTorch (expert, 43mo); assessed at QLoRA (66/100), Semantic Search (53/100). actively open to work; inactive for 3 months; 88% recruiter response rate; GitHub activity score 72/100; 30-day notice period; based in Vizag, Andhra Pradesh."
CAND_0078002,23,0.8572,"6.3 yrs experience; most recently as Applied ML Engineer at Genpact AI (2y 6mo); with JD-relevant skills: Hugging Face Transformers (expert, 55mo), Weaviate (advanced, 19mo), QLoRA (expert, 90mo); assessed at pgvector (80/100), Statistical Modeling (69/100). actively open to work; last active ~2mo ago; 86% recruiter response rate; GitHub activity score 51/100; 60-day notice period; based in Coimbatore, Tamil Nadu."
CAND_0062247,24,0.8533,"7.3 yrs experience; most recently as AI Engineer at Google (3y 1mo); with JD-relevant skills: Pinecone (expert, 37mo), Vector Search (expert, 75mo), Qdrant (expert, 90mo), RAG (advanced, 30mo). actively open to work; last active ~2mo ago; 78% recruiter response rate; GitHub activity score 53/100; 30-day notice period; based in Kochi, Kerala."
CAND_0017960,25,0.8509,"7.7 yrs experience; most recently as Recommendation Systems Engineer at Nykaa (4y 6mo); with JD-relevant skills: QLoRA (expert, 63mo), Hugging Face Transformers (expert, 36mo), Qdrant (expert, 45mo), Python (advanced, 27mo). actively open to work; last active ~2mo ago; 72% recruiter response rate; GitHub activity score 92/100; 60-day notice period; based in Bangalore, Karnataka."
CAND_0093912,26,0.8473,"5.3 yrs experience; most recently as Senior Data Scientist at Razorpay (2y 3mo); with JD-relevant skills: Milvus (expert, 61mo), Embeddings (expert, 61mo), Vector Search (expert, 80mo), Learning to Rank (advanced, 22mo); assessed at Milvus (75/100). actively open to work; last active ~1mo ago; 66% recruiter response rate; GitHub activity score 82/100; 30-day notice period; based in Chandigarh, Chandigarh."
CAND_0083852,27,0.8452,"6.0 yrs experience; most recently as Computer Vision Engineer at Dream11 (3y 3mo); with JD-relevant skills: Qdrant (intermediate, 32mo), QLoRA (intermediate, 17mo), Pinecone (advanced, 59mo), PyTorch (intermediate, 35mo); assessed at Kubeflow (69/100). actively open to work; last active ~1mo ago; 85% recruiter response rate; GitHub activity score 71/100; 90-day notice period; based in Ahmedabad, Gujarat."
CAND_0065786,28,0.8361,"4.9 yrs experience; most recently as Junior ML Engineer at PhonePe (2y 3mo); with JD-relevant skills: LoRA (intermediate, 21mo), Learning to Rank (advanced, 47mo), Semantic Search (advanced, 23mo), Pinecone (advanced, 56mo); assessed at Learning to Rank (53/100). actively open to work; last active ~1mo ago; 89% recruiter response rate; GitHub activity score 71/100; 45-day notice period; based in Indore, Madhya Pradesh."
CAND_0070514,29,0.8344,"5.5 yrs experience; most recently as AI Specialist at Glance (3y 7mo); with JD-relevant skills: Pinecone (intermediate, 11mo), Python (intermediate, 10mo), LoRA (intermediate, 21mo), FAISS (intermediate, 29mo); assessed at Kubeflow (87/100), MLflow (78/100). actively open to work; last active ~1mo ago; 80% recruiter response rate; GitHub activity score 41/100; 60-day notice period; based in Bangalore, Karnataka."
CAND_0024878,30,0.8317,"5.7 yrs experience; most recently as AI Specialist at HCL (3y 0mo); with JD-relevant skills: Elasticsearch (intermediate, 13mo), LoRA (intermediate, 21mo); assessed at pgvector (51/100). actively open to work; last active ~1mo ago; 84% recruiter response rate; 60-day notice period; based in Vizag, Andhra Pradesh."
CAND_0061257,31,0.8165,"8.0 yrs experience; most recently as Staff Machine Learning Engineer at LinkedIn (3y 7mo); with JD-relevant skills: Python (expert, 72mo); assessed at Haystack (70/100), PEFT (70/100). actively open to work; last active ~2mo ago; 87% recruiter response rate; GitHub activity score 45/100; 30-day notice period; based in Noida, Uttar Pradesh."
CAND_0043637,32,0.8160,"5.5 yrs experience; most recently as ML Engineer at Yellow.ai (3y 7mo); with JD-relevant skills: PyTorch (advanced, 51mo), Milvus (advanced, 32mo), Redis (beginner, 2mo), QLoRA (intermediate, 8mo); assessed at Weights & Biases (80/100), Milvus (65/100). actively open to work; last active ~1mo ago; 92% recruiter response rate; 45-day notice period; based in Delhi, Delhi."
CAND_0043860,33,0.8151,"6.1 yrs experience; most recently as Junior ML Engineer at Aganitha (4y 0mo); with JD-relevant skills: Semantic Search (advanced, 44mo), Redis (beginner, 8mo), Qdrant (intermediate, 24mo), PyTorch (intermediate, 28mo); assessed at Information Retrieval (84/100), OpenCV (78/100). actively open to work; last active ~1mo ago; 81% recruiter response rate; 30-day notice period; based in Bhubaneswar, Odisha."
CAND_0075249,34,0.8139,"6.2 yrs experience; most recently as Applied ML Engineer at Zomato (3y 0mo); with JD-relevant skills: Sentence Transformers (expert, 68mo), Milvus (expert, 77mo), Fine-tuning LLMs (expert, 83mo), Pinecone (expert, 80mo); assessed at Sentence Transformers (81/100), Milvus (78/100). actively open to work; last active ~2mo ago; 82% recruiter response rate; 45-day notice period; based in Ahmedabad, Gujarat."
CAND_0098454,35,0.8108,"6.6 yrs experience; most recently as AI Specialist at Meesho (4y 4mo); with JD-relevant skills: Vector Search (intermediate, 10mo), OpenSearch (advanced, 24mo), Pinecone (intermediate, 9mo), Weaviate (advanced, 39mo); assessed at OpenSearch (80/100), ASR (69/100). actively open to work; last active ~1mo ago; 87% recruiter response rate; 60-day notice period; based in Indore, Madhya Pradesh."
CAND_0054318,36,0.8105,"3.5 yrs experience; most recently as AI Research Engineer at BYJU'S (3y 6mo); with JD-relevant skills: Semantic Search (intermediate, 34mo), PyTorch (advanced, 60mo), FAISS (advanced, 60mo), QLoRA (intermediate, 21mo); assessed at MLflow (76/100), Diffusion Models (74/100). actively open to work; last active ~1mo ago; 87% recruiter response rate; 60-day notice period; based in Chandigarh, Chandigarh."
CAND_0093193,37,0.8099,"7.9 yrs experience; most recently as Senior Machine Learning Engineer at Niramai (3y 8mo); with JD-relevant skills: Ranking Systems (expert, 77mo), Qdrant (advanced, 20mo), OpenSearch (expert, 88mo); assessed at Learning to Rank (87/100), Sentence Transformers (73/100). actively open to work; last active ~2mo ago; 61% recruiter response rate; 45-day notice period; based in Bangalore, Karnataka."
CAND_0052328,38,0.8098,"6.5 yrs experience; most recently as Senior Data Scientist at Observe.AI (2y 1mo); with JD-relevant skills: LoRA (advanced, 53mo), OpenSearch (expert, 42mo), QLoRA (expert, 54mo), Learning to Rank (expert, 44mo); assessed at LoRA (85/100), OpenSearch (66/100). actively open to work; inactive for 3 months; 79% recruiter response rate; GitHub activity score 78/100; 30-day notice period; based in Pune, Maharashtra."
CAND_0008295,39,0.8060,"6.5 yrs experience; most recently as AI Research Engineer at Razorpay (4y 2mo); with JD-relevant skills: Python (advanced, 53mo), Weaviate (intermediate, 35mo), QLoRA (advanced, 19mo); assessed at BM25 (59/100). actively open to work; last active ~1mo ago; 89% recruiter response rate; GitHub activity score 51/100; 45-day notice period; based in Pune, Maharashtra."
CAND_0074225,40,0.8047,"4.3 yrs experience; most recently as Machine Learning Engineer at Unacademy (2y 2mo); with JD-relevant skills: Semantic Search (advanced, 26mo), Elasticsearch (expert, 37mo), Milvus (expert, 94mo), Python (expert, 71mo); assessed at Semantic Search (89/100), Recommendation Systems (58/100). actively open to work; last active ~1mo ago; 91% recruiter response rate; GitHub activity score 54/100; 120-day notice period; based in Vizag, Andhra Pradesh."
CAND_0005538,41,0.8043,"5.9 yrs experience; most recently as Senior AI Engineer at Adobe (1y 3mo); with JD-relevant skills: QLoRA (advanced, 58mo), Python (advanced, 38mo), PyTorch (expert, 74mo), LoRA (advanced, 36mo); assessed at Embeddings (93/100). actively open to work; last active ~1mo ago; 81% recruiter response rate; GitHub activity score 58/100; 90-day notice period; based in Kolkata, West Bengal."
CAND_0093763,42,0.8042,"5.0 yrs experience; most recently as Senior Software Engineer (ML) at Swiggy (2y 4mo); with JD-relevant skills: FAISS (advanced, 36mo), Vector Search (intermediate, 32mo), Sentence Transformers (advanced, 46mo), PyTorch (advanced, 33mo); assessed at FAISS (56/100). actively open to work; last active ~1mo ago; 92% recruiter response rate; 90-day notice period; based in Noida, Uttar Pradesh."
CAND_0004402,43,0.8023,"6.0 yrs experience; most recently as Data Scientist at Zomato (3y 3mo); with JD-relevant skills: OpenSearch (intermediate, 34mo), PyTorch (advanced, 32mo), Learning to Rank (advanced, 45mo), Qdrant (intermediate, 24mo); assessed at TTS (86/100), PyTorch (85/100). actively open to work; last active ~1mo ago; 83% recruiter response rate; 60-day notice period; based in Delhi, Delhi."
CAND_0036184,44,0.8022,"6.0 yrs experience; most recently as Recommendation Systems Engineer at CRED (4y 4mo); with JD-relevant skills: QLoRA (expert, 36mo), FAISS (expert, 51mo), Hugging Face Transformers (expert, 42mo), Semantic Search (expert, 39mo); assessed at GANs (87/100), QLoRA (71/100). actively open to work; last active ~1mo ago; 90% recruiter response rate; GitHub activity score 43/100; 30-day notice period; based in Trivandrum, Kerala."
CAND_0066999,45,0.8021,"5.9 yrs experience; most recently as Senior Data Scientist at Amazon (1y 9mo); with JD-relevant skills: OpenSearch (expert, 48mo), FAISS (expert, 54mo), Pinecone (advanced, 31mo), Embeddings (advanced, 32mo); assessed at Pinecone (90/100), LLMs (74/100). actively open to work; last active ~3mo ago; 63% recruiter response rate; GitHub activity score 94/100; 15-day notice period; based in Delhi, Delhi."
CAND_0096142,46,0.7984,"5.0 yrs experience; most recently as Applied ML Engineer at BYJU'S (1y 6mo); with JD-relevant skills: LoRA (advanced, 55mo), Weaviate (advanced, 58mo), Pinecone (expert, 62mo), Python (expert, 72mo); assessed at LoRA (92/100), Weaviate (86/100). actively open to work; last active ~1mo ago; 84% recruiter response rate; GitHub activity score 80/100; 120-day notice period; based in Hyderabad, Telangana."
CAND_0018722,47,0.7940,"6.6 yrs experience; most recently as Machine Learning Engineer at Unacademy (2y 6mo); with JD-relevant skills: Weaviate (expert, 86mo), Python (expert, 51mo), Hugging Face Transformers (expert, 88mo). actively open to work; last active ~2mo ago; 79% recruiter response rate; GitHub activity score 94/100; 90-day notice period; based in Toronto."
CAND_0070525,48,0.7858,"5.4 yrs experience; most recently as Senior Software Engineer (ML) at Wysa (2y 6mo); with JD-relevant skills: Python (advanced, 19mo), Embeddings (intermediate, 18mo); assessed at Recommendation Systems (63/100). actively open to work; last active ~1mo ago; 93% recruiter response rate; 45-day notice period; based in Hyderabad, Telangana."
CAND_0069905,49,0.7850,"6.6 yrs experience; most recently as Recommendation Systems Engineer at Observe.AI (3y 3mo); with JD-relevant skills: LoRA (expert, 51mo), Sentence Transformers (expert, 55mo), Hugging Face Transformers (advanced, 31mo), Python (expert, 42mo); assessed at LoRA (71/100). actively open to work; last active ~2mo ago; 78% recruiter response rate; GitHub activity score 45/100; 90-day notice period; based in Bhubaneswar, Odisha."
CAND_0046132,50,0.7845,"4.3 yrs experience; most recently as Senior Software Engineer (ML) at Meesho (2y 9mo); with JD-relevant skills: PyTorch (intermediate, 28mo), Fine-tuning LLMs (intermediate, 18mo); assessed at Data Science (61/100), OpenCV (42/100). actively open to work; last active ~1mo ago; 94% recruiter response rate; 30-day notice period; based in Noida, Uttar Pradesh."
CAND_0006567,51,0.7822,"7.9 yrs experience; most recently as Senior Applied Scientist at Razorpay (4y 1mo); with JD-relevant skills: Python (expert, 68mo), Ranking Systems (advanced, 60mo); assessed at scikit-learn (90/100), Fine-tuning LLMs (89/100). actively open to work; last active ~2mo ago; 79% recruiter response rate; 60-day notice period; based in Noida, Uttar Pradesh."
CAND_0052335,52,0.7805,"6.4 yrs experience; most recently as Applied ML Engineer at Aganitha (3y 8mo); with JD-relevant skills: PyTorch (expert, 83mo), Learning to Rank (expert, 49mo), Semantic Search (advanced, 60mo), Sentence Transformers (expert, 43mo). actively open to work; last active ~2mo ago; 79% recruiter response rate; 60-day notice period; based in Berlin."
CAND_0079064,53,0.7802,"5.2 yrs experience; most recently as Senior Data Scientist at Niramai (3y 8mo); with JD-relevant skills: OpenSearch (expert, 70mo), Semantic Search (expert, 76mo), Fine-tuning LLMs (expert, 95mo), Pinecone (expert, 90mo); assessed at OpenSearch (58/100), LlamaIndex (57/100). actively open to work; last active ~2mo ago; 91% recruiter response rate; 120-day notice period; based in Noida, Uttar Pradesh."
CAND_0053591,54,0.7799,"5.3 yrs experience; most recently as AI Engineer at Ola (3y 2mo); with JD-relevant skills: Embeddings (advanced, 21mo), Milvus (advanced, 51mo), OpenSearch (expert, 58mo), Sentence Transformers (expert, 63mo); assessed at LangChain (90/100). actively open to work; last active ~1mo ago; 81% recruiter response rate; GitHub activity score 76/100; 60-day notice period; based in Toronto."
CAND_0098217,55,0.7780,"6.4 yrs experience; most recently as ML Engineer at Glance (4y 4mo); with JD-relevant skills: FAISS (intermediate, 35mo), Learning to Rank (intermediate, 34mo), Pinecone (advanced, 53mo); assessed at Weights & Biases (48/100). actively open to work; inactive for 3 months; 84% recruiter response rate; GitHub activity score 81/100; 45-day notice period; based in Noida, Uttar Pradesh."
CAND_0016659,56,0.7755,"4.4 yrs experience; most recently as ML Engineer at Flipkart (1y 2mo); with JD-relevant skills: Sentence Transformers (intermediate, 22mo), Pinecone (advanced, 31mo), FAISS (intermediate, 32mo), Weaviate (advanced, 43mo); assessed at Information Retrieval (78/100), Weaviate (70/100). actively open to work; last active ~1mo ago; 89% recruiter response rate; 45-day notice period; based in Coimbatore, Tamil Nadu."
CAND_0010603,57,0.7753,"5.3 yrs experience; most recently as ML Engineer at BYJU'S (3y 9mo); with JD-relevant skills: OpenSearch (advanced, 25mo). actively open to work; last active ~1mo ago; 94% recruiter response rate; GitHub activity score 79/100; 90-day notice period; based in Bangalore, Karnataka."
CAND_0011162,58,0.7715,"5.8 yrs experience; most recently as Recommendation Systems Engineer at Meesho (2y 4mo); with JD-relevant skills: FAISS (expert, 94mo), Vector Search (expert, 46mo), LoRA (expert, 76mo), Milvus (advanced, 59mo). actively open to work; last active ~1mo ago; 75% recruiter response rate; 90-day notice period; based in Coimbatore, Tamil Nadu."
CAND_0049540,59,0.7714,"6.8 yrs experience; most recently as Data Scientist at BYJU'S (2y 8mo); with JD-relevant skills: QLoRA (advanced, 36mo), Sentence Transformers (advanced, 29mo); assessed at YOLO (66/100), MLflow (56/100). actively open to work; last active ~1mo ago; 86% recruiter response rate; 60-day notice period; based in Trivandrum, Kerala."
CAND_0025640,60,0.7713,"5.6 yrs experience; most recently as AI Research Engineer at HCL (3y 9mo); with JD-relevant skills: Semantic Search (advanced, 23mo), FAISS (advanced, 56mo), PyTorch (intermediate, 8mo), OpenSearch (intermediate, 30mo); assessed at FAISS (75/100), Semantic Search (54/100). actively open to work; last active ~2mo ago; 87% recruiter response rate; 30-day notice period; based in Jaipur, Rajasthan."
CAND_0020708,61,0.7711,"4.2 yrs experience; most recently as Search Engineer at PolicyBazaar (4y 2mo); with JD-relevant skills: Learning to Rank (expert, 75mo), Python (expert, 45mo), Elasticsearch (advanced, 23mo), Fine-tuning LLMs (expert, 80mo); assessed at NLP (64/100). actively open to work; inactive for 3 months; 84% recruiter response rate; GitHub activity score 84/100; 30-day notice period; based in Indore, Madhya Pradesh."
CAND_0053605,62,0.7711,"6.9 yrs experience; most recently as Senior Software Engineer (ML) at Verloop.io (3y 8mo); with JD-relevant skills: Semantic Search (advanced, 37mo), RAG (advanced, 54mo); assessed at pgvector (80/100), CNN (62/100). actively open to work; last active ~1mo ago; 88% recruiter response rate; 30-day notice period; based in Noida, Uttar Pradesh."
CAND_0098780,63,0.7710,"5.9 yrs experience; most recently as AI Research Engineer at Zomato (3y 10mo); with JD-relevant skills: Semantic Search (advanced, 45mo), Sentence Transformers (intermediate, 20mo), Milvus (intermediate, 19mo), Weaviate (advanced, 55mo); assessed at Semantic Search (48/100). actively open to work; last active ~2mo ago; 57% recruiter response rate; 60-day notice period; based in Bangalore, Karnataka."
CAND_0028422,64,0.7707,"5.5 yrs experience; most recently as Junior ML Engineer at Yellow.ai (2y 1mo); with JD-relevant skills: Pinecone (advanced, 38mo), OpenSearch (intermediate, 34mo), Vector Search (intermediate, 32mo), Learning to Rank (advanced, 53mo); assessed at YOLO (79/100), Prompt Engineering (61/100). actively open to work; last active ~1mo ago; 76% recruiter response rate; GitHub activity score 72/100; 90-day notice period; based in Chennai, Tamil Nadu."
CAND_0055905,65,0.7689,"8.1 yrs experience; most recently as Senior AI Engineer at Uber (3y 1mo); with JD-relevant skills: Elasticsearch (expert, 80mo), Hugging Face Transformers (advanced, 33mo), Python (expert, 45mo), OpenSearch (expert, 56mo); assessed at Elasticsearch (83/100), ASR (70/100). actively open to work; last active ~1mo ago; 87% recruiter response rate; 30-day notice period; based in London."
CAND_0077498,66,0.7662,"5.4 yrs experience; most recently as Senior Software Engineer (ML) at Niramai (3y 6mo); with JD-relevant skills: Embeddings (intermediate, 18mo), Elasticsearch (intermediate, 31mo), Sentence Transformers (intermediate, 16mo), Milvus (intermediate, 25mo); assessed at Data Science (86/100), OpenCV (44/100). actively open to work; last active ~1mo ago; 89% recruiter response rate; GitHub activity score 58/100; 60-day notice period; based in Ahmedabad, Gujarat."
CAND_0074735,67,0.7651,"5.5 yrs experience; most recently as NLP Engineer at Netflix (1y 10mo); with JD-relevant skills: RAG (expert, 60mo), Weaviate (advanced, 43mo), Semantic Search (advanced, 45mo), Vector Search (expert, 79mo); assessed at RAG (68/100). actively open to work; inactive for 3 months; 77% recruiter response rate; GitHub activity score 88/100; 90-day notice period; based in Chandigarh, Chandigarh."
CAND_0007596,68,0.7640,"4.4 yrs experience; most recently as Junior ML Engineer at Flipkart (3y 8mo); with JD-relevant skills: Python (intermediate, 32mo), Weaviate (advanced, 22mo), Vector Search (intermediate, 24mo), Semantic Search (intermediate, 28mo); assessed at OpenCV (84/100), YOLO (82/100). actively open to work; last active ~1mo ago; 86% recruiter response rate; 45-day notice period; based in Delhi, Delhi."
CAND_0033445,69,0.7630,"6.8 yrs experience; most recently as AI Specialist at Niramai (2y 2mo); with JD-relevant skills: Semantic Search (advanced, 46mo), Hugging Face Transformers (intermediate, 9mo); assessed at Semantic Search (85/100), TTS (53/100). actively open to work; last active ~1mo ago; 94% recruiter response rate; 30-day notice period; based in Ahmedabad, Gujarat."
CAND_0063622,70,0.7614,"5.2 yrs experience; most recently as AI Specialist at Zoho (2y 1mo); with JD-relevant skills: Vector Search (intermediate, 16mo), Learning to Rank (advanced, 34mo), Fine-tuning LLMs (intermediate, 23mo); assessed at Object Detection (73/100), LangChain (67/100). actively open to work; last active ~1mo ago; 92% recruiter response rate; 30-day notice period; based in Hyderabad, Telangana."
CAND_0061339,71,0.7600,"4.2 yrs experience; most recently as Search Engineer at Rephrase.ai (2y 4mo); with JD-relevant skills: Milvus (expert, 70mo), Vector Search (expert, 48mo), OpenSearch (advanced, 28mo); assessed at Information Retrieval (52/100). actively open to work; last active ~2mo ago; 90% recruiter response rate; GitHub activity score 86/100; 90-day notice period; based in Chandigarh, Chandigarh."
CAND_0037566,72,0.7547,"6.9 yrs experience; most recently as Machine Learning Engineer at LinkedIn (4y 3mo); with JD-relevant skills: Pinecone (expert, 74mo), LoRA (advanced, 58mo), QLoRA (expert, 61mo), Elasticsearch (expert, 74mo); assessed at Pinecone (82/100). actively open to work; last active ~2mo ago; 50% recruiter response rate; GitHub activity score 73/100; 15-day notice period; based in Bangalore, Karnataka."
CAND_0000031,73,0.7521,"6.0 yrs experience; most recently as NLP Engineer at Uber (2y 3mo); with JD-relevant skills: FAISS (advanced, 35mo), Pinecone (expert, 88mo), Embeddings (expert, 60mo), Hugging Face Transformers (expert, 36mo); assessed at MLflow (75/100), FAISS (68/100). actively open to work; last active ~1mo ago; 91% recruiter response rate; 60-day notice period; based in Hyderabad, Telangana."
CAND_0040887,74,0.7510,"4.7 yrs experience; most recently as Machine Learning Engineer at Netflix (3y 10mo); with JD-relevant skills: FAISS (advanced, 52mo), LoRA (expert, 85mo), Python (expert, 84mo), Milvus (expert, 81mo); assessed at Reinforcement Learning (86/100), FAISS (71/100). actively open to work; last active ~1mo ago; 84% recruiter response rate; 15-day notice period; based in Toronto."
CAND_0073314,75,0.7504,"5.2 yrs experience; most recently as ML Engineer at Paytm (3y 3mo); with JD-relevant skills: Milvus (intermediate, 16mo), Elasticsearch (intermediate, 8mo), PyTorch (intermediate, 14mo), Weaviate (intermediate, 21mo); assessed at BentoML (85/100), Feature Engineering (76/100). actively open to work; last active ~1mo ago; 84% recruiter response rate; GitHub activity score 67/100; 60-day notice period; based in Noida, Uttar Pradesh."
CAND_0010257,76,0.7491,"6.5 yrs experience; most recently as Senior Data Scientist at Google (3y 1mo); with JD-relevant skills: Milvus (expert, 72mo), Python (expert, 86mo), OpenSearch (advanced, 26mo), Qdrant (expert, 52mo); assessed at OpenSearch (90/100), Milvus (82/100). actively open to work; last active ~1mo ago; 72% recruiter response rate; GitHub activity score 46/100; 120-day notice period; based in Noida, Uttar Pradesh."
CAND_0058688,77,0.7475,"6.7 yrs experience; most recently as AI Engineer at Vedantu (3y 1mo); with JD-relevant skills: Embeddings (expert, 69mo), Milvus (expert, 86mo), QLoRA (advanced, 30mo), Semantic Search (expert, 39mo); assessed at scikit-learn (67/100). actively open to work; inactive for 3 months; 74% recruiter response rate; 15-day notice period; based in Berlin."
CAND_0008425,78,0.7460,"7.8 yrs experience; most recently as Senior ML Engineer — Search & Ranking at Zomato (3y 10mo); with JD-relevant skills: Learning to Rank (expert, 87mo), Qdrant (expert, 92mo), Sentence Transformers (expert, 96mo), Python (expert, 55mo); assessed at Learning to Rank (78/100). actively open to work; last active ~2mo ago; 66% recruiter response rate; GitHub activity score 53/100; 90-day notice period; based in Kolkata, West Bengal."
CAND_0081053,79,0.7456,"5.4 yrs experience; most recently as Machine Learning Engineer at Salesforce (3y 6mo); with JD-relevant skills: LoRA (expert, 52mo), QLoRA (expert, 39mo), Qdrant (advanced, 50mo), Learning to Rank (expert, 71mo); assessed at QLoRA (89/100), LoRA (83/100). actively open to work; inactive for 3 months; 83% recruiter response rate; GitHub activity score 78/100; 90-day notice period; based in Chandigarh, Chandigarh."
CAND_0026942,80,0.7454,"6.0 yrs experience; most recently as Junior ML Engineer at Verloop.io (4y 6mo); with JD-relevant skills: Learning to Rank (intermediate, 19mo); assessed at TensorFlow (70/100), BentoML (62/100). actively open to work; last active ~1mo ago; 84% recruiter response rate; GitHub activity score 67/100; 30-day notice period; based in Chandigarh, Chandigarh."
CAND_0028793,81,0.7453,"7.2 yrs experience; most recently as Senior Data Scientist at Amazon (3y 4mo); with JD-relevant skills: Embeddings (expert, 78mo), LoRA (expert, 92mo), Learning to Rank (advanced, 58mo), QLoRA (expert, 43mo); assessed at Embeddings (89/100), Haystack (85/100). actively open to work; last active ~2mo ago; 57% recruiter response rate; GitHub activity score 83/100; 120-day notice period; based in Trivandrum, Kerala."
CAND_0095528,82,0.7451,"5.3 yrs experience; most recently as Senior Data Scientist at Netflix (2y 9mo); with JD-relevant skills: OpenSearch (advanced, 46mo), PyTorch (expert, 45mo), Semantic Search (expert, 64mo), Vector Search (expert, 54mo); assessed at pgvector (87/100), Semantic Search (87/100). actively open to work; last active ~2mo ago; 55% recruiter response rate; 45-day notice period; based in Indore, Madhya Pradesh."
CAND_0076482,83,0.7443,"6.6 yrs experience; most recently as ML Engineer at Flipkart (3y 8mo); with JD-relevant skills: OpenSearch (intermediate, 15mo), Pinecone (advanced, 24mo), Embeddings (intermediate, 18mo), QLoRA (intermediate, 13mo); assessed at Feature Engineering (86/100), TTS (85/100). actively open to work; inactive for 4 months; 86% recruiter response rate; GitHub activity score 79/100; 60-day notice period; based in Austin."
CAND_0018549,84,0.7427,"6.8 yrs experience; most recently as Machine Learning Engineer at Flipkart (3y 8mo); with JD-relevant skills: Weaviate (expert, 44mo), Elasticsearch (expert, 73mo), Qdrant (expert, 74mo), Milvus (expert, 79mo); assessed at Elasticsearch (90/100), LangChain (65/100). actively open to work; last active ~2mo ago; 73% recruiter response rate; GitHub activity score 56/100; 60-day notice period; based in Coimbatore, Tamil Nadu."
CAND_0064904,85,0.7418,"4.9 yrs experience; most recently as Applied ML Engineer at Freshworks (2y 7mo); with JD-relevant skills: Embeddings (expert, 74mo), Hugging Face Transformers (advanced, 36mo), Elasticsearch (expert, 71mo), Python (expert, 52mo); assessed at Forecasting (82/100), Elasticsearch (82/100). actively open to work; inactive for 3 months; 78% recruiter response rate; GitHub activity score 59/100; 90-day notice period; based in Hyderabad, Telangana."
CAND_0064888,86,0.7411,"5.8 yrs experience; most recently as ML Engineer at Verloop.io (2y 10mo); with JD-relevant skills: Embeddings (intermediate, 30mo), Learning to Rank (intermediate, 28mo), Elasticsearch (intermediate, 32mo), Fine-tuning LLMs (intermediate, 18mo); assessed at TensorFlow (80/100). actively open to work; last active ~1mo ago; 92% recruiter response rate; 30-day notice period; based in Vizag, Andhra Pradesh."
CAND_0080465,87,0.7395,"4.2 yrs experience; most recently as Senior Software Engineer (ML) at Unacademy (2y 3mo); with JD-relevant skills: Milvus (advanced, 44mo), Qdrant (advanced, 54mo), QLoRA (intermediate, 30mo), Spark (beginner, 15mo); assessed at Haystack (69/100), Qdrant (47/100). actively open to work; last active ~1mo ago; 83% recruiter response rate; GitHub activity score 81/100; 90-day notice period; based in Toronto."
CAND_0029117,88,0.7394,"5.6 yrs experience; most recently as Senior Software Engineer (ML) at Freshworks (2y 2mo); with JD-relevant skills: Sentence Transformers (intermediate, 18mo), Kafka (intermediate, 18mo), Weaviate (intermediate, 12mo), Fine-tuning LLMs (intermediate, 20mo); assessed at Time Series (53/100), PEFT (50/100). actively open to work; last active ~1mo ago; 72% recruiter response rate; 60-day notice period; based in Kochi, Kerala."
CAND_0046459,89,0.7391,"4.5 yrs experience; most recently as AI Research Engineer at upGrad (3y 2mo); with JD-relevant skills: Qdrant (advanced, 26mo), Semantic Search (intermediate, 26mo), RAG (intermediate, 25mo), Python (advanced, 20mo). actively open to work; last active ~2mo ago; 84% recruiter response rate; 30-day notice period; based in Pune, Maharashtra."
CAND_0086022,90,0.7374,"5.3 yrs experience; most recently as Senior ML Engineer — Search & Ranking at Uber (3y 2mo); with JD-relevant skills: Vector Search (advanced, 36mo), Fine-tuning LLMs (expert, 69mo), Elasticsearch (advanced, 35mo), QLoRA (advanced, 54mo); assessed at Vector Search (93/100), pgvector (89/100). actively open to work; last active ~2mo ago; 55% recruiter response rate; GitHub activity score 75/100; 0-day notice period; based in Kolkata, West Bengal."
CAND_0075574,91,0.7364,"5.7 yrs experience; most recently as Machine Learning Engineer at Observe.AI (3y 0mo); with JD-relevant skills: Hugging Face Transformers (advanced, 28mo), Weaviate (expert, 82mo), OpenSearch (expert, 94mo), Qdrant (expert, 42mo); assessed at pgvector (83/100), Weaviate (74/100). actively open to work; last active ~1mo ago; 58% recruiter response rate; 60-day notice period; based in Bangalore, Karnataka."
CAND_0055960,92,0.7331,"4.9 yrs experience; most recently as AI Research Engineer at Razorpay (2y 3mo); with JD-relevant skills: Qdrant (intermediate, 26mo), PyTorch (advanced, 48mo); assessed at BentoML (87/100), Reinforcement Learning (68/100). actively open to work; last active ~1mo ago; 89% recruiter response rate; GitHub activity score 51/100; 90-day notice period; based in San Francisco."
CAND_0068513,93,0.7327,"4.0 yrs experience; most recently as Computer Vision Engineer at Sarvam AI (4y 0mo); with JD-relevant skills: Qdrant (advanced, 27mo), RAG (advanced, 20mo), Learning to Rank (intermediate, 29mo), Sentence Transformers (intermediate, 10mo); assessed at Qdrant (67/100), Forecasting (64/100). actively open to work; last active ~1mo ago; 80% recruiter response rate; 60-day notice period; based in Kolkata, West Bengal."
CAND_0063736,94,0.7318,"3.7 yrs experience; most recently as Data Scientist at Krutrim (3y 8mo); with JD-relevant skills: Hugging Face Transformers (intermediate, 32mo), PyTorch (advanced, 36mo), Learning to Rank (intermediate, 16mo), Embeddings (intermediate, 13mo). actively open to work; last active ~1mo ago; 83% recruiter response rate; GitHub activity score 71/100; 45-day notice period; based in Vizag, Andhra Pradesh."
CAND_0041610,95,0.7306,"6.7 yrs experience; most recently as Applied ML Engineer at Observe.AI (2y 2mo); with JD-relevant skills: LoRA (advanced, 32mo), Elasticsearch (expert, 94mo), OpenSearch (expert, 82mo), Learning to Rank (expert, 74mo); assessed at OpenCV (73/100), LoRA (56/100). actively open to work; last active ~1mo ago; 52% recruiter response rate; GitHub activity score 52/100; 30-day notice period; based in Indore, Madhya Pradesh."
CAND_0072688,96,0.7302,"6.9 yrs experience; most recently as Data Scientist at PolicyBazaar (4y 4mo); with JD-relevant skills: Milvus (intermediate, 11mo), LoRA (intermediate, 24mo), Semantic Search (intermediate, 34mo), Qdrant (advanced, 41mo); assessed at Time Series (81/100), Recommendation Systems (75/100). actively open to work; last active ~1mo ago; 87% recruiter response rate; 45-day notice period; based in Pune, Maharashtra."
CAND_0010770,97,0.7277,"15.2 yrs experience; most recently as Recommendation Systems Engineer at Aganitha (4y 0mo); with JD-relevant skills: Qdrant (expert, 53mo), Learning to Rank (expert, 54mo). actively open to work; last active ~2mo ago; 73% recruiter response rate; 30-day notice period; based in Kolkata, West Bengal."
CAND_0077956,98,0.7274,"6.4 yrs experience; most recently as Computer Vision Engineer at Niramai (4y 1mo); with JD-relevant skills: Milvus (intermediate, 32mo), Hugging Face Transformers (intermediate, 33mo), Weaviate (advanced, 59mo); assessed at BentoML (65/100), Weaviate (55/100). actively open to work; last active ~1mo ago; 88% recruiter response rate; GitHub activity score 41/100; 120-day notice period; based in Chandigarh, Chandigarh."
CAND_0016163,99,0.7247,"6.7 yrs experience; most recently as Applied ML Engineer at Dream11 (2y 3mo); with JD-relevant skills: Hugging Face Transformers (advanced, 41mo), Weaviate (expert, 36mo), Embeddings (advanced, 48mo), LoRA (advanced, 40mo); assessed at Time Series (89/100), Weaviate (88/100). actively open to work; last active ~2mo ago; 72% recruiter response rate; GitHub activity score 95/100; 120-day notice period; based in Gurgaon, Haryana."
CAND_0034164,100,0.7242,"3.6 yrs experience; most recently as Data Scientist at Haptik (1y 2mo); with JD-relevant skills: Elasticsearch (intermediate, 34mo), Sentence Transformers (advanced, 49mo), Pinecone (advanced, 32mo), Weaviate (advanced, 46mo); assessed at Time Series (67/100), Computer Vision (57/100). actively open to work; last active ~1mo ago; 84% recruiter response rate; 90-day notice period; based in Hyderabad, Telangana."
